{"mean": [272.90335451993076, 2523.8670779366926, 1010.703979585821, 17.648882511962544, 1.835080869426681], "scale": [72.58911266453393, 853.2977259780866, 391.99462727956137, 5.026280214466691, 1.0179829656607897]}